{"is_source_file": true, "format": "JavaScript", "description": "This file provides utility functions for date manipulation and formatting tailored for calendar views. It includes functions to format date inputs, parse ISO date strings, generate date grids for calendar displays, compute day and week bounds, shift dates based on view context, and compare days. The functions leverage date-fns library for date calculations.", "external_files": ["date-fns"], "external_methods": ["addDays", "addMonths", "addWeeks", "endOfDay", "endOfMonth", "endOfWeek", "format", "isSameDay", "isSameMonth", "isToday", "parseISO", "startOfDay", "startOfMonth", "startOfWeek"], "published": ["toLocalDateTimeInputValue", "parseEventDate", "formatRangeLabel", "getMonthGrid", "getWeekDays", "getDayBounds", "getWeekBounds", "getMonthBounds", "shiftAnchorDate", "isSameCalendarDay"], "classes": [], "methods": [{"name": "toLocalDateTimeInputValue(date)", "description": "Converts a Date object into a string suitable for an HTML input of type 'datetime-local', formatted as 'YYYY-MM-DDTHH:MM'.", "scope": "", "scopeKind": ""}, {"name": "parseEventDate(value)", "description": "Parses an input value which can be a Date object or an ISO string into a Date object, or null if invalid.", "scope": "", "scopeKind": ""}, {"name": "formatRangeLabel(view, anchorDate)", "description": "Returns a human-readable label for a week or month view based on the anchor date.", "scope": "", "scopeKind": ""}, {"name": "getMonthGrid(anchorDate)", "description": "Generates a 6-week grid (array of 42 days) for calendar display, including info about whether days are in the current month or today.", "scope": "", "scopeKind": ""}, {"name": "getWeekDays(anchorDate)", "description": "Returns an array of 7 Date objects representing the days of the week starting from the week's start.", "scope": "", "scopeKind": ""}, {"name": "getDayBounds(date)", "description": "Returns the start and end Date objects for a given day.", "scope": "", "scopeKind": ""}, {"name": "getWeekBounds(date)", "description": "Returns the start and end Date objects for the week containing the given date.", "scope": "", "scopeKind": ""}, {"name": "getMonthBounds(date)", "description": "Returns the start and end Date objects for the month containing the given date.", "scope": "", "scopeKind": ""}, {"name": "shiftAnchorDate(view, anchorDate, direction )", "description": "Returns a new date shifted by one unit (month, week, or day) based on the current view and direction.", "scope": "", "scopeKind": ""}, {"name": "isSameCalendarDay(a, b)", "description": "Checks if two dates fall on the same calendar day.", "scope": "", "scopeKind": ""}], "calls": ["parseISO", "startOfWeek", "endOfWeek", "format", "startOfMonth", "addDays", "addMonths", "addWeeks", "isSameDay", "isToday"], "search-terms": ["calendar date utils", "date-fns calendar", "calendar grid generation", "date bounds calculation", "date shifting functions"], "state": 2, "file_id": 15, "knowledge_revision": 39, "git_revision": "", "ctags": [{"_type": "tag", "name": "WEEK_STARTS_ON", "path": "/home/kavia/workspace/code-generation/smart-calendar-319576-319587/calendar_frontend/src/lib/dates.js", "pattern": "/^const WEEK_STARTS_ON = 1; \\/\\/ Monday$/", "language": "JavaScript", "kind": "constant"}, {"_type": "tag", "name": "formatRangeLabel", "path": "/home/kavia/workspace/code-generation/smart-calendar-319576-319587/calendar_frontend/src/lib/dates.js", "pattern": "/^export function formatRangeLabel(view, anchorDate) {$/", "language": "JavaScript", "kind": "function", "signature": "(view, anchorDate)"}, {"_type": "tag", "name": "getDayBounds", "path": "/home/kavia/workspace/code-generation/smart-calendar-319576-319587/calendar_frontend/src/lib/dates.js", "pattern": "/^export function getDayBounds(date) {$/", "language": "JavaScript", "kind": "function", "signature": "(date)"}, {"_type": "tag", "name": "getMonthBounds", "path": "/home/kavia/workspace/code-generation/smart-calendar-319576-319587/calendar_frontend/src/lib/dates.js", "pattern": "/^export function getMonthBounds(date) {$/", "language": "JavaScript", "kind": "function", "signature": "(date)"}, {"_type": "tag", "name": "getMonthGrid", "path": "/home/kavia/workspace/code-generation/smart-calendar-319576-319587/calendar_frontend/src/lib/dates.js", "pattern": "/^export function getMonthGrid(anchorDate) {$/", "language": "JavaScript", "kind": "function", "signature": "(anchorDate)"}, {"_type": "tag", "name": "getWeekBounds", "path": "/home/kavia/workspace/code-generation/smart-calendar-319576-319587/calendar_frontend/src/lib/dates.js", "pattern": "/^export function getWeekBounds(date) {$/", "language": "JavaScript", "kind": "function", "signature": "(date)"}, {"_type": "tag", "name": "getWeekDays", "path": "/home/kavia/workspace/code-generation/smart-calendar-319576-319587/calendar_frontend/src/lib/dates.js", "pattern": "/^export function getWeekDays(anchorDate) {$/", "language": "JavaScript", "kind": "function", "signature": "(anchorDate)"}, {"_type": "tag", "name": "isSameCalendarDay", "path": "/home/kavia/workspace/code-generation/smart-calendar-319576-319587/calendar_frontend/src/lib/dates.js", "pattern": "/^export function isSameCalendarDay(a, b) {$/", "language": "JavaScript", "kind": "function", "signature": "(a, b)"}, {"_type": "tag", "name": "parseEventDate", "path": "/home/kavia/workspace/code-generation/smart-calendar-319576-319587/calendar_frontend/src/lib/dates.js", "pattern": "/^export function parseEventDate(value) {$/", "language": "JavaScript", "kind": "function", "signature": "(value)"}, {"_type": "tag", "name": "shiftAnchorDate", "path": "/home/kavia/workspace/code-generation/smart-calendar-319576-319587/calendar_frontend/src/lib/dates.js", "pattern": "/^export function shiftAnchorDate(view, anchorDate, direction \\/* -1 or +1 *\\/) {$/", "language": "JavaScript", "kind": "function", "signature": "(view, anchorDate, direction )"}, {"_type": "tag", "name": "toLocalDateTimeInputValue", "path": "/home/kavia/workspace/code-generation/smart-calendar-319576-319587/calendar_frontend/src/lib/dates.js", "pattern": "/^export function toLocalDateTimeInputValue(date) {$/", "language": "JavaScript", "kind": "function", "signature": "(date)"}], "hash": "f53647a15b1427017dcfeb09718a7ecb", "format-version": 4, "code-base-name": "calendar_frontend", "filename": "calendar_frontend/src/lib/dates.js", "revision_history": [{"39": ""}]}