{"is_source_file": false, "format": "", "description": "", "external_files": [], "external_methods": [], "published": [], "classes": [], "methods": [], "calls": [], "search-terms": [], "state": 2, "file_id": 10, "knowledge_revision": 47, "git_revision": "48d4599ed93ea2b8780bd363a7a705499dde7183", "revision_history": [{"26": "481b5249a94a5f82b16e0bf5f6a96514c4ae682e"}, {"47": "48d4599ed93ea2b8780bd363a7a705499dde7183"}], "hash": "5cf16a7e05cf6821c83b9529cb411a87", "format-version": 4, "code-base-name": "calendar_frontend", "filename": "calendar_frontend/package.json"}