{"is_source_file": false, "format": "", "description": "", "external_files": [], "external_methods": [], "published": [], "classes": [], "methods": [], "calls": [], "search-terms": [], "state": 2, "file_id": 7, "knowledge_revision": 28, "git_revision": "481b5249a94a5f82b16e0bf5f6a96514c4ae682e", "hash": "97b0442f40479833b100fc6513f1d0ad", "format-version": 4, "code-base-name": "calendar_frontend", "filename": "calendar_frontend/src/index.css", "revision_history": [{"28": "481b5249a94a5f82b16e0bf5f6a96514c4ae682e"}]}