{"is_source_file": false, "format": "", "description": "", "external_files": [], "external_methods": [], "published": [], "classes": [], "methods": [], "calls": [], "search-terms": [], "state": 2, "file_id": 19, "knowledge_revision": 45, "git_revision": "4500593bab7e6cf1e3e7bfe60d2792b0160b41be", "hash": "2919202bde201af39b62e7ca082b2128", "format-version": 4, "code-base-name": "calendar_frontend", "filename": "calendar_frontend/backend_openapi.json", "revision_history": [{"45": "4500593bab7e6cf1e3e7bfe60d2792b0160b41be"}]}