{"is_source_file": true, "format": "JavaScript", "description": "This file defines API client functions for interacting with event-related backend endpoints, including listing, creating, updating, and deleting events. It handles fallback routes and constructs query parameters for date filtering.", "external_files": ["./client"], "external_methods": ["apiRequest"], "published": ["listEventsInRange", "createEvent", "updateEvent", "deleteEvent"], "classes": [], "methods": [{"name": "getEventsBase()", "description": "Determines the base URL for event API endpoints, with fallback to default if environment variable is not set.", "scope": "", "scopeKind": ""}, {"name": "buildQuery(params)", "description": "Constructs URL query string from provided parameters, excluding undefined, null, or empty string values.", "scope": "", "scopeKind": ""}, {"name": "tryRequestInBases(bases, pathSuffix, options)", "description": "Attempts to make an API request to multiple base URLs until one succeeds or all fail, handling 404 fallback.", "scope": "", "scopeKind": ""}, {"name": "listEventsInRange({ start, end } = {})", "description": "Fetches a list of events within an optional date range, handling multiple endpoint bases.", "scope": "", "scopeKind": ""}, {"name": "createEvent(event)", "description": "Sends a request to create a new event.", "scope": "", "scopeKind": ""}, {"name": "updateEvent(id, event)", "description": "Updates an existing event specified by ID.", "scope": "", "scopeKind": ""}, {"name": "deleteEvent(id)", "description": "Deletes an event by ID.", "scope": "", "scopeKind": ""}], "calls": ["apiRequest"], "search-terms": ["events API", "backend endpoints", "event CRUD", "fallback routes", "API client"], "state": 2, "file_id": 14, "knowledge_revision": 38, "git_revision": "4500593bab7e6cf1e3e7bfe60d2792b0160b41be", "ctags": [{"_type": "tag", "name": "buildQuery", "path": "/home/kavia/workspace/code-generation/smart-calendar-319576-319587/calendar_frontend/src/api/events.js", "pattern": "/^function buildQuery(params) {$/", "language": "JavaScript", "kind": "function", "signature": "(params)"}, {"_type": "tag", "name": "createEvent", "path": "/home/kavia/workspace/code-generation/smart-calendar-319576-319587/calendar_frontend/src/api/events.js", "pattern": "/^export async function createEvent(event) {$/", "language": "JavaScript", "kind": "function", "signature": "(event)"}, {"_type": "tag", "name": "deleteEvent", "path": "/home/kavia/workspace/code-generation/smart-calendar-319576-319587/calendar_frontend/src/api/events.js", "pattern": "/^export async function deleteEvent(id) {$/", "language": "JavaScript", "kind": "function", "signature": "(id)"}, {"_type": "tag", "name": "getEventsBase", "path": "/home/kavia/workspace/code-generation/smart-calendar-319576-319587/calendar_frontend/src/api/events.js", "pattern": "/^function getEventsBase() {$/", "language": "JavaScript", "kind": "function", "signature": "()"}, {"_type": "tag", "name": "listEventsInRange", "path": "/home/kavia/workspace/code-generation/smart-calendar-319576-319587/calendar_frontend/src/api/events.js", "pattern": "/^export async function listEventsInRange({ start, end } = {}) {$/", "language": "JavaScript", "kind": "function", "signature": "({ start, end } = {})"}, {"_type": "tag", "name": "tryRequestInBases", "path": "/home/kavia/workspace/code-generation/smart-calendar-319576-319587/calendar_frontend/src/api/events.js", "pattern": "/^async function tryRequestInBases(bases, pathSuffix, options) {$/", "language": "JavaScript", "kind": "function", "signature": "(bases, pathSuffix, options)"}, {"_type": "tag", "name": "updateEvent", "path": "/home/kavia/workspace/code-generation/smart-calendar-319576-319587/calendar_frontend/src/api/events.js", "pattern": "/^export async function updateEvent(id, event) {$/", "language": "JavaScript", "kind": "function", "signature": "(id, event)"}], "hash": "5f8e0bdf640647d54238792a0470f5c5", "format-version": 4, "code-base-name": "calendar_frontend", "filename": "calendar_frontend/src/api/events.js", "revision_history": [{"38": "4500593bab7e6cf1e3e7bfe60d2792b0160b41be"}]}