{"is_source_file": true, "format": "JavaScript (React/JSX)", "description": "This is a React frontend source file for a smart calendar application. It defines the main App component that manages state, loads events from an API, and renders the calendar UI with controls for different views, event creation, editing, and deletion.", "external_files": ["./components/CalendarView", "./components/EventDialog", "./api/events", "./lib/dates", "./App.css"], "external_methods": ["listEventsInRange", "createEvent", "updateEvent", "deleteEvent", "formatRangeLabel", "getDayBounds", "getMonthBounds", "getWeekBounds", "shiftAnchorDate"], "published": ["App"], "classes": [], "methods": [{"name": "toIso(date)", "description": "Converts a Date object to an ISO string.", "scope": "", "scopeKind": ""}, {"name": "guessId(ev)", "description": "Attempts to determine the event's identifier from various possible properties.", "scope": "", "scopeKind": ""}, {"name": "mapFormToApiPayload(form)", "description": "Maps form data to API payload format for event creation or update.", "scope": "", "scopeKind": ""}, {"name": "App()", "description": "Main React functional component managing the calendar application's state, data loading, and rendering.", "scope": "", "scopeKind": ""}, {"name": "handleDelete(form)", "scope": "App", "scopeKind": "function", "description": "unavailable"}, {"name": "handleSave(form)", "scope": "App", "scopeKind": "function", "description": "unavailable"}, {"name": "load()", "scope": "App", "scopeKind": "function", "description": "unavailable"}, {"name": "openCreate(date)", "scope": "App", "scopeKind": "function", "description": "unavailable"}, {"name": "openEdit(event)", "scope": "App", "scopeKind": "function", "description": "unavailable"}], "calls": ["listEventsInRange", "createEvent", "updateEvent", "deleteEvent", "formatRangeLabel", "getMonthBounds", "getWeekBounds", "getDayBounds", "shiftAnchorDate", "format"], "search-terms": ["React calendar frontend", "event CRUD", "calendar views", "event dialog", "API integration", "date range management"], "state": 2, "file_id": 9, "knowledge_revision": 35, "git_revision": "481b5249a94a5f82b16e0bf5f6a96514c4ae682e", "revision_history": [{"25": "481b5249a94a5f82b16e0bf5f6a96514c4ae682e"}, {"35": "481b5249a94a5f82b16e0bf5f6a96514c4ae682e"}], "ctags": [{"_type": "tag", "name": "App", "path": "/home/kavia/workspace/code-generation/smart-calendar-319576-319587/calendar_frontend/src/App.js", "pattern": "/^function App() {$/", "language": "JavaScript", "kind": "function", "signature": "()"}, {"_type": "tag", "name": "anchorDate", "path": "/home/kavia/workspace/code-generation/smart-calendar-319576-319587/calendar_frontend/src/App.js", "pattern": "/^                  anchorDate={anchorDate}$/", "language": "JavaScript", "kind": "field", "scope": "App.anchorDate", "scopeKind": "class"}, {"_type": "tag", "name": "btn ${view === \"day\" ? \"btn-primary\" : \"\"}", "path": "/home/kavia/workspace/code-generation/smart-calendar-319576-319587/calendar_frontend/src/App.js", "pattern": "/^                  className={`btn ${view === \"day\" ? \"btn-primary\" : \"\"}`}$/", "language": "JavaScript", "kind": "field", "scope": "App.className", "scopeKind": "class"}, {"_type": "tag", "name": "btn ${view === \"month\" ? \"btn-primary\" : \"\"}", "path": "/home/kavia/workspace/code-generation/smart-calendar-319576-319587/calendar_frontend/src/App.js", "pattern": "/^                  className={`btn ${view === \"month\" ? \"btn-primary\" : \"\"}`}$/", "language": "JavaScript", "kind": "field", "scope": "App.className", "scopeKind": "class"}, {"_type": "tag", "name": "btn ${view === \"week\" ? \"btn-primary\" : \"\"}", "path": "/home/kavia/workspace/code-generation/smart-calendar-319576-319587/calendar_frontend/src/App.js", "pattern": "/^                  className={`btn ${view === \"week\" ? \"btn-primary\" : \"\"}`}$/", "language": "JavaScript", "kind": "field", "scope": "App.className", "scopeKind": "class"}, {"_type": "tag", "name": "dialogDefaultStart", "path": "/home/kavia/workspace/code-generation/smart-calendar-319576-319587/calendar_frontend/src/App.js", "pattern": "/^          defaultStartDate={dialogDefaultStart}$/", "language": "JavaScript", "kind": "field", "scope": "App.defaultStartDate", "scopeKind": "class"}, {"_type": "tag", "name": "dialogInitialEvent", "path": "/home/kavia/workspace/code-generation/smart-calendar-319576-319587/calendar_frontend/src/App.js", "pattern": "/^          initialEvent={dialogInitialEvent}$/", "language": "JavaScript", "kind": "field", "scope": "App.initialEvent", "scopeKind": "class"}, {"_type": "tag", "name": "dialogMode", "path": "/home/kavia/workspace/code-generation/smart-calendar-319576-319587/calendar_frontend/src/App.js", "pattern": "/^          mode={dialogMode}$/", "language": "JavaScript", "kind": "field", "scope": "App.mode", "scopeKind": "class"}, {"_type": "tag", "name": "dialogOpen", "path": "/home/kavia/workspace/code-generation/smart-calendar-319576-319587/calendar_frontend/src/App.js", "pattern": "/^          open={dialogOpen}$/", "language": "JavaScript", "kind": "field", "scope": "App.open", "scopeKind": "class"}, {"_type": "tag", "name": "events", "path": "/home/kavia/workspace/code-generation/smart-calendar-319576-319587/calendar_frontend/src/App.js", "pattern": "/^                  events={events}$/", "language": "JavaScript", "kind": "field", "scope": "App.events", "scopeKind": "class"}, {"_type": "tag", "name": "guessId", "path": "/home/kavia/workspace/code-generation/smart-calendar-319576-319587/calendar_frontend/src/App.js", "pattern": "/^function guessId(ev) {$/", "language": "JavaScript", "kind": "function", "signature": "(ev)"}, {"_type": "tag", "name": "handleDelete", "path": "/home/kavia/workspace/code-generation/smart-calendar-319576-319587/calendar_frontend/src/App.js", "pattern": "/^          onDelete={handleDelete}$/", "language": "JavaScript", "kind": "field", "scope": "App.onDelete", "scopeKind": "class"}, {"_type": "tag", "name": "handleDelete", "path": "/home/kavia/workspace/code-generation/smart-calendar-319576-319587/calendar_frontend/src/App.js", "pattern": "/^  async function handleDelete(form) {$/", "language": "JavaScript", "kind": "function", "signature": "(form)", "scope": "App", "scopeKind": "function"}, {"_type": "tag", "name": "handleSave", "path": "/home/kavia/workspace/code-generation/smart-calendar-319576-319587/calendar_frontend/src/App.js", "pattern": "/^          onSave={handleSave}$/", "language": "JavaScript", "kind": "field", "scope": "App.onSave", "scopeKind": "class"}, {"_type": "tag", "name": "handleSave", "path": "/home/kavia/workspace/code-generation/smart-calendar-319576-319587/calendar_frontend/src/App.js", "pattern": "/^  async function handleSave(form) {$/", "language": "JavaScript", "kind": "function", "signature": "(form)", "scope": "App", "scopeKind": "function"}, {"_type": "tag", "name": "load", "path": "/home/kavia/workspace/code-generation/smart-calendar-319576-319587/calendar_frontend/src/App.js", "pattern": "/^  async function load() {$/", "language": "JavaScript", "kind": "function", "signature": "()", "scope": "App", "scopeKind": "function"}, {"_type": "tag", "name": "mapFormToApiPayload", "path": "/home/kavia/workspace/code-generation/smart-calendar-319576-319587/calendar_frontend/src/App.js", "pattern": "/^function mapFormToApiPayload(form) {$/", "language": "JavaScript", "kind": "function", "signature": "(form)"}, {"_type": "tag", "name": "openCreate", "path": "/home/kavia/workspace/code-generation/smart-calendar-319576-319587/calendar_frontend/src/App.js", "pattern": "/^  function openCreate(date) {$/", "language": "JavaScript", "kind": "function", "signature": "(date)", "scope": "App", "scopeKind": "function"}, {"_type": "tag", "name": "openEdit", "path": "/home/kavia/workspace/code-generation/smart-calendar-319576-319587/calendar_frontend/src/App.js", "pattern": "/^  function openEdit(event) {$/", "language": "JavaScript", "kind": "function", "signature": "(event)", "scope": "App", "scopeKind": "function"}, {"_type": "tag", "name": "saveError", "path": "/home/kavia/workspace/code-generation/smart-calendar-319576-319587/calendar_frontend/src/App.js", "pattern": "/^          error={saveError}$/", "language": "JavaScript", "kind": "field", "scope": "App.error", "scopeKind": "class"}, {"_type": "tag", "name": "saving", "path": "/home/kavia/workspace/code-generation/smart-calendar-319576-319587/calendar_frontend/src/App.js", "pattern": "/^          busy={saving}$/", "language": "JavaScript", "kind": "field", "scope": "App.busy", "scopeKind": "class"}, {"_type": "tag", "name": "toIso", "path": "/home/kavia/workspace/code-generation/smart-calendar-319576-319587/calendar_frontend/src/App.js", "pattern": "/^function toIso(date) {$/", "language": "JavaScript", "kind": "function", "signature": "(date)"}, {"_type": "tag", "name": "view", "path": "/home/kavia/workspace/code-generation/smart-calendar-319576-319587/calendar_frontend/src/App.js", "pattern": "/^                  view={view}$/", "language": "JavaScript", "kind": "field", "scope": "App.view", "scopeKind": "class"}], "hash": "60b0bc8a4d3517bec57da9324edcdd3e", "format-version": 4, "code-base-name": "calendar_frontend", "filename": "calendar_frontend/src/App.js", "fields": [{"name": "anchorDate={anchorDate}", "scope": "App.anchorDate", "scopeKind": "class", "description": "unavailable"}, {"name": "className={`btn ${view === \"day\" ? \"btn-primary\" : \"\"}`}", "scope": "App.className", "scopeKind": "class", "description": "unavailable"}, {"name": "className={`btn ${view === \"month\" ? \"btn-primary\" : \"\"}`}", "scope": "App.className", "scopeKind": "class", "description": "unavailable"}, {"name": "className={`btn ${view === \"week\" ? \"btn-primary\" : \"\"}`}", "scope": "App.className", "scopeKind": "class", "description": "unavailable"}, {"name": "defaultStartDate={dialogDefaultStart}", "scope": "App.defaultStartDate", "scopeKind": "class", "description": "unavailable"}, {"name": "initialEvent={dialogInitialEvent}", "scope": "App.initialEvent", "scopeKind": "class", "description": "unavailable"}, {"name": "mode={dialogMode}", "scope": "App.mode", "scopeKind": "class", "description": "unavailable"}, {"name": "open={dialogOpen}", "scope": "App.open", "scopeKind": "class", "description": "unavailable"}, {"name": "events={events}", "scope": "App.events", "scopeKind": "class", "description": "unavailable"}, {"name": "onDelete={handleDelete}", "scope": "App.onDelete", "scopeKind": "class", "description": "unavailable"}, {"name": "onSave={handleSave}", "scope": "App.onSave", "scopeKind": "class", "description": "unavailable"}, {"name": "error={saveError}", "scope": "App.error", "scopeKind": "class", "description": "unavailable"}, {"name": "busy={saving}", "scope": "App.busy", "scopeKind": "class", "description": "unavailable"}, {"name": "view={view}", "scope": "App.view", "scopeKind": "class", "description": "unavailable"}]}