{"is_source_file": true, "format": "JavaScript", "description": "This file defines a React component 'CalendarView' for rendering calendar views (month, week, day). It includes functions to normalize event data and group events by day, and provides interactive UI elements for displaying and clicking on days and events.", "external_files": ["../lib/dates"], "external_methods": ["getMonthGrid", "getWeekDays"], "published": ["CalendarView"], "classes": [], "methods": [{"name": "normalizeEvent(raw)", "description": "Normalizes raw event data, extracting id, title, description, location, allDay, start, end, and raw.", "scope": "", "scopeKind": ""}, {"name": "groupEventsByDay(events)", "description": "Groups an array of events into a Map keyed by date string, sorting events within each day.", "scope": "", "scopeKind": ""}, {"name": "CalendarView({ view, anchorDate, events, onDayClick, onEventClick })", "scope": "", "scopeKind": "", "description": "unavailable"}], "calls": ["React", "useMemo", "format", "isSameDay", "getMonthGrid", "getWeekDays"], "search-terms": ["CalendarView", "month", "week", "day", "normalizeEvent", "groupEventsByDay", "date-fns", "React component", "calendar grid"], "state": 2, "file_id": 18, "knowledge_revision": 42, "git_revision": "4500593bab7e6cf1e3e7bfe60d2792b0160b41be", "ctags": [{"_type": "tag", "name": "CalendarView", "path": "/home/kavia/workspace/code-generation/smart-calendar-319576-319587/calendar_frontend/src/components/CalendarView.js", "pattern": "/^export default function CalendarView({ view, anchorDate, events, onDayClick, onEventClick }) {$/", "language": "JavaScript", "kind": "function", "signature": "({ view, anchorDate, events, onDayClick, onEventClick })"}, {"_type": "tag", "name": "groupEventsByDay", "path": "/home/kavia/workspace/code-generation/smart-calendar-319576-319587/calendar_frontend/src/components/CalendarView.js", "pattern": "/^function groupEventsByDay(events) {$/", "language": "JavaScript", "kind": "function", "signature": "(events)"}, {"_type": "tag", "name": "normalizeEvent", "path": "/home/kavia/workspace/code-generation/smart-calendar-319576-319587/calendar_frontend/src/components/CalendarView.js", "pattern": "/^function normalizeEvent(raw) {$/", "language": "JavaScript", "kind": "function", "signature": "(raw)"}], "hash": "11bd94a65908e974c50584421717a981", "format-version": 4, "code-base-name": "calendar_frontend", "filename": "calendar_frontend/src/components/CalendarView.js", "revision_history": [{"42": "4500593bab7e6cf1e3e7bfe60d2792b0160b41be"}]}