{"is_source_file": true, "file_id": 18, "git_revision": "", "state": 1, "description": "", "external_files": [], "external_methods": [], "published": [], "classes": [], "methods": [], "calls": [], "search-terms": [], "ctags": [{"_type": "tag", "name": "CalendarView", "path": "/home/kavia/workspace/code-generation/smart-calendar-319576-319587/calendar_frontend/src/components/CalendarView.js", "pattern": "/^export default function CalendarView({ view, anchorDate, events, onDayClick, onEventClick }) {$/", "language": "JavaScript", "kind": "function", "signature": "({ view, anchorDate, events, onDayClick, onEventClick })"}, {"_type": "tag", "name": "groupEventsByDay", "path": "/home/kavia/workspace/code-generation/smart-calendar-319576-319587/calendar_frontend/src/components/CalendarView.js", "pattern": "/^function groupEventsByDay(events) {$/", "language": "JavaScript", "kind": "function", "signature": "(events)"}, {"_type": "tag", "name": "normalizeEvent", "path": "/home/kavia/workspace/code-generation/smart-calendar-319576-319587/calendar_frontend/src/components/CalendarView.js", "pattern": "/^function normalizeEvent(raw) {$/", "language": "JavaScript", "kind": "function", "signature": "(raw)"}], "format": "JavaScript", "hash": "11bd94a65908e974c50584421717a981", "format-version": 4, "code-base-name": "calendar_frontend", "filename": "calendar_frontend/src/components/CalendarView.js", "knowledge_revision": 34}