{"is_source_file": true, "file_id": 16, "git_revision": "", "state": 1, "description": "", "external_files": [], "external_methods": [], "published": [], "classes": [], "methods": [], "calls": [], "search-terms": [], "ctags": [{"_type": "tag", "name": "Modal", "path": "/home/kavia/workspace/code-generation/smart-calendar-319576-319587/calendar_frontend/src/components/Modal.js", "pattern": "/^export default function Modal({ open, title, children, onClose }) {$/", "language": "JavaScript", "kind": "function", "signature": "({ open, title, children, onClose })"}], "format": "JavaScript", "hash": "cd7a3c1396e08d2fa6f0bbbab581ab7d", "format-version": 4, "code-base-name": "calendar_frontend", "filename": "calendar_frontend/src/components/Modal.js", "knowledge_revision": 32}