{"is_source_file": true, "file_id": 14, "git_revision": "", "state": 1, "description": "", "external_files": [], "external_methods": [], "published": [], "classes": [], "methods": [], "calls": [], "search-terms": [], "ctags": [{"_type": "tag", "name": "buildQuery", "path": "/home/kavia/workspace/code-generation/smart-calendar-319576-319587/calendar_frontend/src/api/events.js", "pattern": "/^function buildQuery(params) {$/", "language": "JavaScript", "kind": "function", "signature": "(params)"}, {"_type": "tag", "name": "createEvent", "path": "/home/kavia/workspace/code-generation/smart-calendar-319576-319587/calendar_frontend/src/api/events.js", "pattern": "/^export async function createEvent(event) {$/", "language": "JavaScript", "kind": "function", "signature": "(event)"}, {"_type": "tag", "name": "deleteEvent", "path": "/home/kavia/workspace/code-generation/smart-calendar-319576-319587/calendar_frontend/src/api/events.js", "pattern": "/^export async function deleteEvent(id) {$/", "language": "JavaScript", "kind": "function", "signature": "(id)"}, {"_type": "tag", "name": "getEventsBase", "path": "/home/kavia/workspace/code-generation/smart-calendar-319576-319587/calendar_frontend/src/api/events.js", "pattern": "/^function getEventsBase() {$/", "language": "JavaScript", "kind": "function", "signature": "()"}, {"_type": "tag", "name": "listEventsInRange", "path": "/home/kavia/workspace/code-generation/smart-calendar-319576-319587/calendar_frontend/src/api/events.js", "pattern": "/^export async function listEventsInRange({ start, end } = {}) {$/", "language": "JavaScript", "kind": "function", "signature": "({ start, end } = {})"}, {"_type": "tag", "name": "tryRequestInBases", "path": "/home/kavia/workspace/code-generation/smart-calendar-319576-319587/calendar_frontend/src/api/events.js", "pattern": "/^async function tryRequestInBases(bases, pathSuffix, options) {$/", "language": "JavaScript", "kind": "function", "signature": "(bases, pathSuffix, options)"}, {"_type": "tag", "name": "updateEvent", "path": "/home/kavia/workspace/code-generation/smart-calendar-319576-319587/calendar_frontend/src/api/events.js", "pattern": "/^export async function updateEvent(id, event) {$/", "language": "JavaScript", "kind": "function", "signature": "(id, event)"}], "format": "JavaScript", "hash": "5f8e0bdf640647d54238792a0470f5c5", "format-version": 4, "code-base-name": "calendar_frontend", "filename": "calendar_frontend/src/api/events.js", "knowledge_revision": 30}