{"is_source_file": false, "format": "", "description": "", "external_files": [], "external_methods": [], "published": [], "classes": [], "methods": [], "calls": [], "search-terms": [], "state": 2, "file_id": 1, "knowledge_revision": 14, "git_revision": "481b5249a94a5f82b16e0bf5f6a96514c4ae682e", "hash": "d9d975cebe2ec20b6c652e1e4c12ccf0", "format-version": 4, "code-base-name": "calendar_frontend", "filename": "calendar_frontend/public/manifest.json", "revision_history": [{"14": "481b5249a94a5f82b16e0bf5f6a96514c4ae682e"}]}