{"is_source_file": false, "format": "", "description": "", "external_files": [], "external_methods": [], "published": [], "classes": [], "methods": [], "calls": [], "search-terms": [], "state": 2, "file_id": 5, "knowledge_revision": 27, "git_revision": "481b5249a94a5f82b16e0bf5f6a96514c4ae682e", "hash": "ada774e35f57795a9509edee2d412d83", "format-version": 4, "code-base-name": "calendar_frontend", "filename": "calendar_frontend/src/App.css", "revision_history": [{"27": "481b5249a94a5f82b16e0bf5f6a96514c4ae682e"}]}