{"is_source_file": true, "format": "JavaScript (React JSX)", "description": "This file defines a React component 'EventDialog' used for creating and editing calendar events, including form handling, validation, and rendering a modal dialog.", "external_files": ["./Modal", "../lib/dates"], "external_methods": ["toLocalDateTimeInputValue", "parseEventDate"], "published": ["EventDialog"], "classes": [], "methods": [{"name": "EventDialog({ open, mode,  initialEvent, defaultStartDate, onCancel, onSave, onDelete, busy, error, })", "description": "React functional component for event creation/editing dialog with form handling and validation.", "scope": "", "scopeKind": ""}, {"name": "update(key, value)", "scope": "EventDialog", "scopeKind": "function", "description": "unavailable"}], "calls": ["useMemo", "useState", "useEffect", "./Modal", "../lib/dates/toLocalDateTimeInputValue", "../lib/dates/parseEventDate"], "search-terms": ["EventDialog", "calendar event modal", "create or edit event", "React date/time form", "Event form validation"], "state": 2, "file_id": 17, "knowledge_revision": 41, "git_revision": "4500593bab7e6cf1e3e7bfe60d2792b0160b41be", "ctags": [{"_type": "tag", "name": "EventDialog", "path": "/home/kavia/workspace/code-generation/smart-calendar-319576-319587/calendar_frontend/src/components/EventDialog.js", "pattern": "/^export default function EventDialog({$/", "language": "JavaScript", "kind": "function", "signature": "({ open, mode,  initialEvent, defaultStartDate, onCancel, onSave, onDelete, busy, error, })"}, {"_type": "tag", "name": "busy", "path": "/home/kavia/workspace/code-generation/smart-calendar-319576-319587/calendar_frontend/src/components/EventDialog.js", "pattern": "/^            disabled={busy || !validation.ok}$/", "language": "JavaScript", "kind": "field", "scope": "EventDialog.disabled", "scopeKind": "class"}, {"_type": "tag", "name": "form", "path": "/home/kavia/workspace/code-generation/smart-calendar-319576-319587/calendar_frontend/src/components/EventDialog.js", "pattern": "/^            value={form.description}$/", "language": "JavaScript", "kind": "field", "scope": "EventDialog.value", "scopeKind": "class"}, {"_type": "tag", "name": "form", "path": "/home/kavia/workspace/code-generation/smart-calendar-319576-319587/calendar_frontend/src/components/EventDialog.js", "pattern": "/^            value={form.location}$/", "language": "JavaScript", "kind": "field", "scope": "EventDialog.value", "scopeKind": "class"}, {"_type": "tag", "name": "form", "path": "/home/kavia/workspace/code-generation/smart-calendar-319576-319587/calendar_frontend/src/components/EventDialog.js", "pattern": "/^            value={form.title}$/", "language": "JavaScript", "kind": "field", "scope": "EventDialog.value", "scopeKind": "class"}, {"_type": "tag", "name": "open", "path": "/home/kavia/workspace/code-generation/smart-calendar-319576-319587/calendar_frontend/src/components/EventDialog.js", "pattern": "/^    <Modal open={open} title={title} onClose={onCancel}>$/", "language": "JavaScript", "kind": "field", "scope": "EventDialog.AnonymousClass54a00ef00101", "scopeKind": "class"}, {"_type": "tag", "name": "update", "path": "/home/kavia/workspace/code-generation/smart-calendar-319576-319587/calendar_frontend/src/components/EventDialog.js", "pattern": "/^  function update(key, value) {$/", "language": "JavaScript", "kind": "function", "signature": "(key, value)", "scope": "EventDialog", "scopeKind": "function"}], "hash": "2e8fccf6c6a2815451b42fad331b3967", "format-version": 4, "code-base-name": "calendar_frontend", "filename": "calendar_frontend/src/components/EventDialog.js", "fields": [{"name": "disabled={busy || !validation.ok}", "scope": "EventDialog.disabled", "scopeKind": "class", "description": "unavailable"}, {"name": "value={form.description}", "scope": "EventDialog.value", "scopeKind": "class", "description": "unavailable"}, {"name": "value={form.location}", "scope": "EventDialog.value", "scopeKind": "class", "description": "unavailable"}, {"name": "value={form.title}", "scope": "EventDialog.value", "scopeKind": "class", "description": "unavailable"}, {"name": "<Modal open={open} title={title} onClose={onCancel}>", "scope": "EventDialog.AnonymousClass54a00ef00101", "scopeKind": "class", "description": "unavailable"}], "revision_history": [{"41": "4500593bab7e6cf1e3e7bfe60d2792b0160b41be"}]}