{"is_source_file": true, "file_id": 15, "git_revision": "", "state": 1, "description": "", "external_files": [], "external_methods": [], "published": [], "classes": [], "methods": [], "calls": [], "search-terms": [], "ctags": [{"_type": "tag", "name": "WEEK_STARTS_ON", "path": "/home/kavia/workspace/code-generation/smart-calendar-319576-319587/calendar_frontend/src/lib/dates.js", "pattern": "/^const WEEK_STARTS_ON = 1; \\/\\/ Monday$/", "language": "JavaScript", "kind": "constant"}, {"_type": "tag", "name": "formatRangeLabel", "path": "/home/kavia/workspace/code-generation/smart-calendar-319576-319587/calendar_frontend/src/lib/dates.js", "pattern": "/^export function formatRangeLabel(view, anchorDate) {$/", "language": "JavaScript", "kind": "function", "signature": "(view, anchorDate)"}, {"_type": "tag", "name": "getDayBounds", "path": "/home/kavia/workspace/code-generation/smart-calendar-319576-319587/calendar_frontend/src/lib/dates.js", "pattern": "/^export function getDayBounds(date) {$/", "language": "JavaScript", "kind": "function", "signature": "(date)"}, {"_type": "tag", "name": "getMonthBounds", "path": "/home/kavia/workspace/code-generation/smart-calendar-319576-319587/calendar_frontend/src/lib/dates.js", "pattern": "/^export function getMonthBounds(date) {$/", "language": "JavaScript", "kind": "function", "signature": "(date)"}, {"_type": "tag", "name": "getMonthGrid", "path": "/home/kavia/workspace/code-generation/smart-calendar-319576-319587/calendar_frontend/src/lib/dates.js", "pattern": "/^export function getMonthGrid(anchorDate) {$/", "language": "JavaScript", "kind": "function", "signature": "(anchorDate)"}, {"_type": "tag", "name": "getWeekBounds", "path": "/home/kavia/workspace/code-generation/smart-calendar-319576-319587/calendar_frontend/src/lib/dates.js", "pattern": "/^export function getWeekBounds(date) {$/", "language": "JavaScript", "kind": "function", "signature": "(date)"}, {"_type": "tag", "name": "getWeekDays", "path": "/home/kavia/workspace/code-generation/smart-calendar-319576-319587/calendar_frontend/src/lib/dates.js", "pattern": "/^export function getWeekDays(anchorDate) {$/", "language": "JavaScript", "kind": "function", "signature": "(anchorDate)"}, {"_type": "tag", "name": "isSameCalendarDay", "path": "/home/kavia/workspace/code-generation/smart-calendar-319576-319587/calendar_frontend/src/lib/dates.js", "pattern": "/^export function isSameCalendarDay(a, b) {$/", "language": "JavaScript", "kind": "function", "signature": "(a, b)"}, {"_type": "tag", "name": "parseEventDate", "path": "/home/kavia/workspace/code-generation/smart-calendar-319576-319587/calendar_frontend/src/lib/dates.js", "pattern": "/^export function parseEventDate(value) {$/", "language": "JavaScript", "kind": "function", "signature": "(value)"}, {"_type": "tag", "name": "shiftAnchorDate", "path": "/home/kavia/workspace/code-generation/smart-calendar-319576-319587/calendar_frontend/src/lib/dates.js", "pattern": "/^export function shiftAnchorDate(view, anchorDate, direction \\/* -1 or +1 *\\/) {$/", "language": "JavaScript", "kind": "function", "signature": "(view, anchorDate, direction )"}, {"_type": "tag", "name": "toLocalDateTimeInputValue", "path": "/home/kavia/workspace/code-generation/smart-calendar-319576-319587/calendar_frontend/src/lib/dates.js", "pattern": "/^export function toLocalDateTimeInputValue(date) {$/", "language": "JavaScript", "kind": "function", "signature": "(date)"}], "format": "JavaScript", "hash": "f53647a15b1427017dcfeb09718a7ecb", "format-version": 4, "code-base-name": "calendar_frontend", "filename": "calendar_frontend/src/lib/dates.js", "knowledge_revision": 31}