{"is_source_file": false, "format": "", "description": "", "external_files": [], "external_methods": [], "published": [], "classes": [], "methods": [], "calls": [], "search-terms": [], "state": 2, "file_id": 11, "knowledge_revision": 46, "git_revision": "48d4599ed93ea2b8780bd363a7a705499dde7183", "revision_history": [{"22": "481b5249a94a5f82b16e0bf5f6a96514c4ae682e"}, {"46": "48d4599ed93ea2b8780bd363a7a705499dde7183"}], "hash": "2b20599913d5a157d1311ed4c917de68", "format-version": 4, "code-base-name": "calendar_frontend", "filename": "calendar_frontend/eslint.config.mjs"}