{"is_source_file": false, "format": "", "description": "", "external_files": [], "external_methods": [], "published": [], "classes": [], "methods": [], "calls": [], "search-terms": [], "state": 2, "file_id": 8, "knowledge_revision": 23, "git_revision": "481b5249a94a5f82b16e0bf5f6a96514c4ae682e", "ctags": [], "hash": "1a77571e1a8cf36018a41bcedf60db75", "format-version": 4, "code-base-name": "calendar_frontend", "filename": "calendar_frontend/src/setupTests.js", "revision_history": [{"23": "481b5249a94a5f82b16e0bf5f6a96514c4ae682e"}]}