{"is_source_file": true, "format": "JavaScript", "description": "Main entry point for a React application, importing necessary modules, creating a root, and rendering the app component within StrictMode.", "external_files": ["./App", "./index.css"], "external_methods": ["ReactDOM.createRoot", "root.render"], "published": [], "classes": [], "methods": [], "calls": ["ReactDOM.createRoot", "root.render"], "search-terms": ["React", "ReactDOM", "index.js", "entry point", "React.StrictMode"], "state": 2, "file_id": 4, "knowledge_revision": 20, "git_revision": "481b5249a94a5f82b16e0bf5f6a96514c4ae682e", "ctags": [{"_type": "tag", "name": "root", "path": "/home/kavia/workspace/code-generation/smart-calendar-319576-319587/calendar_frontend/src/index.js", "pattern": "/^const root = ReactDOM.createRoot(document.getElementById('root'));$/", "language": "JavaScript", "kind": "constant"}], "hash": "9fc5841375336fc175b49f8767a11383", "format-version": 4, "code-base-name": "calendar_frontend", "filename": "calendar_frontend/src/index.js", "revision_history": [{"20": "481b5249a94a5f82b16e0bf5f6a96514c4ae682e"}]}