{"is_source_file": true, "format": "JavaScript (ESM module / .mjs)", "description": "ESLint configuration file in JavaScript, defining linting rules and plugin configurations for a frontend project, with specific settings for React and ECMAScript compatibility.", "external_files": ["@eslint/js", "eslint-plugin-react"], "external_methods": ["pluginJs", "pluginReact", "pluginJs.configs.recommended"], "published": ["default"], "classes": [], "methods": [{"name": "default", "description": "Exports the ESLint configuration array setting rules and plugins for linting JavaScript and JSX files."}], "calls": ["pluginJs", "pluginReact", "pluginJs.configs.recommended"], "search-terms": ["eslint", "eslint.config", "react", "plugins", "rules", "ecmaVersion", "jsx", "globals"], "state": 2, "file_id": 11, "knowledge_revision": 22, "git_revision": "481b5249a94a5f82b16e0bf5f6a96514c4ae682e", "hash": "be6538e7523bc2e9da0743133d784136", "format-version": 4, "code-base-name": "calendar_frontend", "filename": "calendar_frontend/eslint.config.mjs", "revision_history": [{"22": "481b5249a94a5f82b16e0bf5f6a96514c4ae682e"}]}