{"is_source_file": false, "format": "", "description": "", "external_files": [], "external_methods": [], "published": [], "classes": [], "methods": [], "calls": [], "search-terms": [], "state": 2, "file_id": 3, "knowledge_revision": 15, "git_revision": "481b5249a94a5f82b16e0bf5f6a96514c4ae682e", "hash": "ebece526bc2eadd78ddd787a76c56607", "format-version": 4, "code-base-name": "calendar_frontend", "filename": "calendar_frontend/README.md", "revision_history": [{"15": "481b5249a94a5f82b16e0bf5f6a96514c4ae682e"}]}