{"is_source_file": true, "format": "JavaScript/React", "description": "This file defines a React functional component named 'Modal' that renders an accessible modal dialog with backdrop and Escape-to-close functionality. It handles keyboard events, backdrop click for closing, and displays children content with a title and close button.", "external_files": ["react"], "external_methods": ["React.useEffect"], "published": ["default"], "classes": [], "methods": [{"name": "Modal({ open, title, children, onClose })", "description": "React functional component rendering an accessible modal dialog with props 'open', 'title', 'children', and 'onClose'.", "scope": "", "scopeKind": ""}], "calls": ["React.useEffect", "window.addEventListener", "window.removeEventListener"], "search-terms": ["Modal", "React modal dialog", "accessible modal", "keydown event", "Escape close", "backdrop click", "React component"], "state": 2, "file_id": 16, "knowledge_revision": 40, "git_revision": "4500593bab7e6cf1e3e7bfe60d2792b0160b41be", "ctags": [{"_type": "tag", "name": "Modal", "path": "/home/kavia/workspace/code-generation/smart-calendar-319576-319587/calendar_frontend/src/components/Modal.js", "pattern": "/^export default function Modal({ open, title, children, onClose }) {$/", "language": "JavaScript", "kind": "function", "signature": "({ open, title, children, onClose })"}], "hash": "cd7a3c1396e08d2fa6f0bbbab581ab7d", "format-version": 4, "code-base-name": "calendar_frontend", "filename": "calendar_frontend/src/components/Modal.js", "revision_history": [{"40": "4500593bab7e6cf1e3e7bfe60d2792b0160b41be"}]}