{"is_source_file": true, "file_id": 17, "git_revision": "", "state": 1, "description": "", "external_files": [], "external_methods": [], "published": [], "classes": [], "methods": [], "calls": [], "search-terms": [], "ctags": [{"_type": "tag", "name": "EventDialog", "path": "/home/kavia/workspace/code-generation/smart-calendar-319576-319587/calendar_frontend/src/components/EventDialog.js", "pattern": "/^export default function EventDialog({$/", "language": "JavaScript", "kind": "function", "signature": "({ open, mode,  initialEvent, defaultStartDate, onCancel, onSave, onDelete, busy, error, })"}, {"_type": "tag", "name": "busy", "path": "/home/kavia/workspace/code-generation/smart-calendar-319576-319587/calendar_frontend/src/components/EventDialog.js", "pattern": "/^            disabled={busy || !validation.ok}$/", "language": "JavaScript", "kind": "field", "scope": "EventDialog.disabled", "scopeKind": "class"}, {"_type": "tag", "name": "form", "path": "/home/kavia/workspace/code-generation/smart-calendar-319576-319587/calendar_frontend/src/components/EventDialog.js", "pattern": "/^            value={form.description}$/", "language": "JavaScript", "kind": "field", "scope": "EventDialog.value", "scopeKind": "class"}, {"_type": "tag", "name": "form", "path": "/home/kavia/workspace/code-generation/smart-calendar-319576-319587/calendar_frontend/src/components/EventDialog.js", "pattern": "/^            value={form.location}$/", "language": "JavaScript", "kind": "field", "scope": "EventDialog.value", "scopeKind": "class"}, {"_type": "tag", "name": "form", "path": "/home/kavia/workspace/code-generation/smart-calendar-319576-319587/calendar_frontend/src/components/EventDialog.js", "pattern": "/^            value={form.title}$/", "language": "JavaScript", "kind": "field", "scope": "EventDialog.value", "scopeKind": "class"}, {"_type": "tag", "name": "open", "path": "/home/kavia/workspace/code-generation/smart-calendar-319576-319587/calendar_frontend/src/components/EventDialog.js", "pattern": "/^    <Modal open={open} title={title} onClose={onCancel}>$/", "language": "JavaScript", "kind": "field", "scope": "EventDialog.AnonymousClass54a00ef00101", "scopeKind": "class"}, {"_type": "tag", "name": "update", "path": "/home/kavia/workspace/code-generation/smart-calendar-319576-319587/calendar_frontend/src/components/EventDialog.js", "pattern": "/^  function update(key, value) {$/", "language": "JavaScript", "kind": "function", "signature": "(key, value)", "scope": "EventDialog", "scopeKind": "function"}], "format": "JavaScript", "hash": "2e8fccf6c6a2815451b42fad331b3967", "format-version": 4, "code-base-name": "calendar_frontend", "filename": "calendar_frontend/src/components/EventDialog.js", "knowledge_revision": 33}