{"is_source_file": false, "format": "", "description": "", "external_files": [], "external_methods": [], "published": [], "classes": [], "methods": [], "calls": [], "search-terms": [], "state": 2, "file_id": 10, "knowledge_revision": 26, "git_revision": "481b5249a94a5f82b16e0bf5f6a96514c4ae682e", "hash": "6c494ac97dce75a48b90eb174e2eeeb9", "format-version": 4, "code-base-name": "calendar_frontend", "filename": "calendar_frontend/package.json", "revision_history": [{"26": "481b5249a94a5f82b16e0bf5f6a96514c4ae682e"}]}