{"is_source_file": false, "format": "", "description": "", "external_files": [], "external_methods": [], "published": [], "classes": [], "methods": [], "calls": [], "search-terms": ["index.html", "HTML", "public", "web app", "React", "bundle scripts", "public URL", "meta tags", "favicon", "React app entry point"], "state": 2, "file_id": 2, "knowledge_revision": 18, "git_revision": "481b5249a94a5f82b16e0bf5f6a96514c4ae682e", "hash": "d2b40d02d5f7873d8a6713bad837edd4", "format-version": 4, "code-base-name": "calendar_frontend", "filename": "calendar_frontend/public/index.html", "revision_history": [{"18": "481b5249a94a5f82b16e0bf5f6a96514c4ae682e"}]}