{"is_source_file": true, "format": "JavaScript", "description": "This file provides a tiny fetch wrapper used by a calendar UI. It includes functions to determine the API base URL considering environment variables and window location, and performs API requests with error handling, JSON parsing, and support for custom headers.", "external_files": ["fetch"], "external_methods": [], "published": ["getApiBaseUrl", "apiRequest"], "classes": [], "methods": [{"name": "getApiBaseUrl()", "description": "Returns the API base URL from environment variables or window location, with default fallback.", "scope": "", "scopeKind": ""}, {"name": "apiRequest(path, { method = \"GET\", body, headers, signal } = {})", "description": "Performs an API request to a specified backend endpoint with support for method, body, headers, and error handling.", "scope": "", "scopeKind": ""}, {"name": "readResponseBodySafe(res)", "scope": "", "scopeKind": "", "description": "unavailable"}], "calls": ["fetch", "readResponseBodySafe", "URL"], "search-terms": ["fetch wrapper", "API URL determination", "GET/POST API function", "Environment-based URL", "React environment API base"], "state": 2, "file_id": 13, "knowledge_revision": 43, "git_revision": "4500593bab7e6cf1e3e7bfe60d2792b0160b41be", "revision_history": [{"37": ""}, {"43": "4500593bab7e6cf1e3e7bfe60d2792b0160b41be"}], "ctags": [{"_type": "tag", "name": "DEFAULT_BASE_URL", "path": "/home/kavia/workspace/code-generation/smart-calendar-319576-319587/calendar_frontend/src/api/client.js", "pattern": "/^const DEFAULT_BASE_URL = \"\"; \\/\\/ same-origin by default (works behind reverse proxy)$/", "language": "JavaScript", "kind": "constant"}, {"_type": "tag", "name": "apiRequest", "path": "/home/kavia/workspace/code-generation/smart-calendar-319576-319587/calendar_frontend/src/api/client.js", "pattern": "/^export async function apiRequest(path, { method = \"GET\", body, headers, signal } = {}) {$/", "language": "JavaScript", "kind": "function", "signature": "(path, { method = \"GET\", body, headers, signal } = {})"}, {"_type": "tag", "name": "getApiBaseUrl", "path": "/home/kavia/workspace/code-generation/smart-calendar-319576-319587/calendar_frontend/src/api/client.js", "pattern": "/^export function getApiBaseUrl() {$/", "language": "JavaScript", "kind": "function", "signature": "()"}, {"_type": "tag", "name": "method", "path": "/home/kavia/workspace/code-generation/smart-calendar-319576-319587/calendar_frontend/src/api/client.js", "pattern": "/^    method,$/", "language": "JavaScript", "kind": "field", "scope": "apiRequest.init", "scopeKind": "class"}, {"_type": "tag", "name": "readResponseBodySafe", "path": "/home/kavia/workspace/code-generation/smart-calendar-319576-319587/calendar_frontend/src/api/client.js", "pattern": "/^async function readResponseBodySafe(res) {$/", "language": "JavaScript", "kind": "function", "signature": "(res)"}], "hash": "abe18c9152a18a79288556490d1a6516", "format-version": 4, "code-base-name": "calendar_frontend", "filename": "calendar_frontend/src/api/client.js", "fields": [{"name": "method,", "scope": "apiRequest.init", "scopeKind": "class", "description": "unavailable"}]}