{"is_source_file": true, "format": "JavaScript", "description": "A small fetch wrapper module used by the calendar UI, providing normalized error handling and dynamic base URL support.", "external_files": ["fetch"], "external_methods": ["fetch"], "published": ["getApiBaseUrl", "apiRequest"], "classes": [], "methods": [{"name": "getApiBaseUrl()", "description": "Returns the API base URL from environment variables, defaults to same-origin, and strips trailing slash.", "scope": "", "scopeKind": ""}, {"name": "apiRequest(path, { method = \"GET\", body, headers, signal } = {})", "description": "Performs an API request with error handling, supporting JSON payloads and custom headers.", "scope": "", "scopeKind": ""}, {"name": "readResponseBodySafe(res)", "scope": "", "scopeKind": "", "description": "unavailable"}], "calls": ["fetch", "readResponseBodySafe"], "search-terms": ["apiRequest", "fetch wrapper", "API base URL", "calendar UI"], "state": 2, "file_id": 13, "knowledge_revision": 37, "git_revision": "", "ctags": [{"_type": "tag", "name": "DEFAULT_BASE_URL", "path": "/home/kavia/workspace/code-generation/smart-calendar-319576-319587/calendar_frontend/src/api/client.js", "pattern": "/^const DEFAULT_BASE_URL = \"\"; \\/\\/ same-origin by default (works behind reverse proxy)$/", "language": "JavaScript", "kind": "constant"}, {"_type": "tag", "name": "apiRequest", "path": "/home/kavia/workspace/code-generation/smart-calendar-319576-319587/calendar_frontend/src/api/client.js", "pattern": "/^export async function apiRequest(path, { method = \"GET\", body, headers, signal } = {}) {$/", "language": "JavaScript", "kind": "function", "signature": "(path, { method = \"GET\", body, headers, signal } = {})"}, {"_type": "tag", "name": "getApiBaseUrl", "path": "/home/kavia/workspace/code-generation/smart-calendar-319576-319587/calendar_frontend/src/api/client.js", "pattern": "/^export function getApiBaseUrl() {$/", "language": "JavaScript", "kind": "function", "signature": "()"}, {"_type": "tag", "name": "method", "path": "/home/kavia/workspace/code-generation/smart-calendar-319576-319587/calendar_frontend/src/api/client.js", "pattern": "/^    method,$/", "language": "JavaScript", "kind": "field", "scope": "apiRequest.init", "scopeKind": "class"}, {"_type": "tag", "name": "readResponseBodySafe", "path": "/home/kavia/workspace/code-generation/smart-calendar-319576-319587/calendar_frontend/src/api/client.js", "pattern": "/^async function readResponseBodySafe(res) {$/", "language": "JavaScript", "kind": "function", "signature": "(res)"}], "hash": "6f6b4ad467672c8a7ffcbbead6cc75a8", "format-version": 4, "code-base-name": "calendar_frontend", "filename": "calendar_frontend/src/api/client.js", "fields": [{"name": "method,", "scope": "apiRequest.init", "scopeKind": "class", "description": "unavailable"}], "revision_history": [{"37": ""}]}