{"is_source_file": false, "format": "", "description": "", "external_files": [], "external_methods": [], "published": [], "classes": [], "methods": [], "calls": [], "search-terms": [], "state": 2, "file_id": 12, "knowledge_revision": 21, "git_revision": "6b8d584213a2a26a94a6240f1a28405eac97d5ae", "hash": "b43d5a4b682dde8bbcba500a0ce87b68", "format-version": 4, "code-base-name": "calendar_frontend", "filename": "README.md", "revision_history": [{"21": "6b8d584213a2a26a94a6240f1a28405eac97d5ae"}]}